日付,部署,担当者,売上,件数,商品カテゴリ
2026-06-01,営業,佐藤,120000,4,ソフトウェア
2026-06-02,開発,鈴木,85000,2,保守サービス
2026-06-03,総務,高橋,45000,3,備品
2026-06-04,営業,田中,180000,6,ソフトウェア
2026-06-05,開発,伊藤,110000,3,開発支援
2026-06-06,製造,渡辺,95000,5,部品
2026-06-07,品質保証,山本,70000,2,検査サービス
2026-06-08,営業,中村,210000,7,ソフトウェア
2026-06-09,開発,小林,135000,4,開発支援
2026-06-10,総務,加藤,38000,2,備品
2026-06-11,製造,吉田,160000,8,部品
2026-06-12,品質保証,山田,92000,3,検査サービス
2026-06-13,営業,佐々木,155000,5,保守サービス
2026-06-14,開発,山口,125000,4,ソフトウェア
2026-06-15,製造,松本,175000,7,部品
2026-06-16,総務,井上,52000,3,備品
2026-06-17,品質保証,木村,88000,3,検査サービス
2026-06-18,営業,林,195000,6,ソフトウェア
2026-06-19,開発,清水,145000,5,開発支援
2026-06-20,製造,斎藤,130000,6,部品
